investor_id,avg_gap_days,status
INV000004,85.4,AT_RISK
INV000008,70.4,AT_RISK
INV000010,64.8,AT_RISK
INV000011,40.17,AT_RISK
INV000012,57.0,AT_RISK
INV000013,55.33,AT_RISK
INV000014,75.33,AT_RISK
INV000023,58.57,AT_RISK
INV000028,93.6,AT_RISK
INV000029,60.67,AT_RISK
INV000030,47.62,AT_RISK
INV000033,45.57,AT_RISK
INV000039,68.6,AT_RISK
INV000045,70.6,AT_RISK
INV000048,46.0,AT_RISK
INV000052,36.2,AT_RISK
INV000056,74.8,AT_RISK
INV000057,49.71,AT_RISK
INV000069,49.11,AT_RISK
INV000072,83.0,AT_RISK
INV000073,48.25,AT_RISK
INV000074,72.57,AT_RISK
INV000075,74.8,AT_RISK
INV000076,91.8,AT_RISK
INV000079,65.8,AT_RISK
INV000081,81.33,AT_RISK
INV000082,83.67,AT_RISK
INV000086,44.67,AT_RISK
INV000087,92.8,AT_RISK
INV000091,44.0,AT_RISK
INV000093,55.5,AT_RISK
INV000094,44.8,AT_RISK
INV000095,69.4,AT_RISK
INV000097,54.5,AT_RISK
INV000101,65.0,AT_RISK
INV000102,65.29,AT_RISK
INV000103,83.4,AT_RISK
INV000105,57.0,AT_RISK
INV000109,46.25,AT_RISK
INV000113,46.0,AT_RISK
INV000123,59.67,AT_RISK
INV000128,82.0,AT_RISK
INV000131,56.0,AT_RISK
INV000132,71.0,AT_RISK
INV000133,88.2,AT_RISK
INV000138,76.2,AT_RISK
INV000145,89.4,AT_RISK
INV000146,66.8,AT_RISK
INV000148,52.0,AT_RISK
INV000155,37.33,AT_RISK
INV000161,73.0,AT_RISK
INV000163,61.0,AT_RISK
INV000164,61.8,AT_RISK
INV000169,67.83,AT_RISK
INV000173,57.67,AT_RISK
INV000175,83.67,AT_RISK
INV000177,65.43,AT_RISK
INV000180,61.8,AT_RISK
INV000183,56.12,AT_RISK
INV000191,56.5,AT_RISK
INV000194,58.0,AT_RISK
INV000195,77.4,AT_RISK
INV000196,69.0,AT_RISK
INV000201,51.12,AT_RISK
INV000205,62.57,AT_RISK
INV000210,70.71,AT_RISK
INV000214,94.8,AT_RISK
INV000217,92.0,AT_RISK
INV000228,59.75,AT_RISK
INV000236,67.14,AT_RISK
INV000238,93.6,AT_RISK
INV000239,48.86,AT_RISK
INV000243,88.2,AT_RISK
INV000245,92.2,AT_RISK
INV000249,45.5,AT_RISK
INV000252,50.4,AT_RISK
INV000255,48.6,AT_RISK
INV000256,70.2,AT_RISK
INV000259,70.6,AT_RISK
INV000260,59.57,AT_RISK
INV000262,53.57,AT_RISK
INV000263,68.43,AT_RISK
INV000265,53.44,AT_RISK
INV000268,62.33,AT_RISK
INV000279,43.38,AT_RISK
INV000280,55.75,AT_RISK
INV000283,68.0,AT_RISK
INV000287,69.83,AT_RISK
INV000289,62.71,AT_RISK
INV000291,89.0,AT_RISK
INV000292,46.0,AT_RISK
INV000293,47.0,AT_RISK
INV000297,90.6,AT_RISK
INV000299,85.2,AT_RISK
INV000304,70.0,AT_RISK
INV000309,52.0,AT_RISK
INV000310,75.83,AT_RISK
INV000318,97.4,AT_RISK
INV000319,73.5,AT_RISK
INV000321,72.83,AT_RISK
INV000328,37.5,AT_RISK
INV000331,50.71,AT_RISK
INV000334,25.5,ACTIVE
INV000335,96.0,AT_RISK
INV000339,94.0,AT_RISK
INV000341,54.43,AT_RISK
INV000356,54.4,AT_RISK
INV000359,54.12,AT_RISK
INV000363,77.0,AT_RISK
INV000369,43.8,AT_RISK
INV000371,59.29,AT_RISK
INV000372,54.5,AT_RISK
INV000380,97.0,AT_RISK
INV000388,53.62,AT_RISK
INV000392,77.17,AT_RISK
INV000395,55.67,AT_RISK
INV000396,83.2,AT_RISK
INV000399,49.56,AT_RISK
INV000400,62.6,AT_RISK
INV000403,58.2,AT_RISK
INV000407,82.4,AT_RISK
INV000408,46.8,AT_RISK
INV000412,43.71,AT_RISK
INV000414,66.29,AT_RISK
INV000415,66.17,AT_RISK
INV000418,86.8,AT_RISK
INV000427,68.5,AT_RISK
INV000428,52.14,AT_RISK
INV000429,77.2,AT_RISK
INV000437,97.8,AT_RISK
INV000440,69.57,AT_RISK
INV000441,60.8,AT_RISK
INV000444,73.2,AT_RISK
INV000445,57.75,AT_RISK
INV000446,38.6,AT_RISK
INV000449,46.8,AT_RISK
INV000452,49.38,AT_RISK
INV000457,91.4,AT_RISK
INV000460,43.4,AT_RISK
INV000463,65.17,AT_RISK
INV000466,73.33,AT_RISK
INV000467,56.67,AT_RISK
INV000469,70.5,AT_RISK
INV000483,70.43,AT_RISK
INV000491,95.0,AT_RISK
INV000493,47.56,AT_RISK
INV000497,71.83,AT_RISK
INV000499,77.83,AT_RISK
INV000507,70.17,AT_RISK
INV000512,54.75,AT_RISK
INV000522,100.8,AT_RISK
INV000524,55.0,AT_RISK
INV000527,50.8,AT_RISK
INV000529,59.2,AT_RISK
INV000531,47.0,AT_RISK
INV000539,77.0,AT_RISK
INV000540,73.5,AT_RISK
INV000543,83.67,AT_RISK
INV000545,80.6,AT_RISK
INV000546,55.0,AT_RISK
INV000547,55.8,AT_RISK
INV000549,96.2,AT_RISK
INV000553,72.0,AT_RISK
INV000554,70.2,AT_RISK
INV000556,52.43,AT_RISK
INV000562,74.4,AT_RISK
INV000563,76.33,AT_RISK
INV000566,35.0,ACTIVE
INV000567,63.8,AT_RISK
INV000568,62.4,AT_RISK
INV000570,67.29,AT_RISK
INV000573,50.83,AT_RISK
INV000575,71.6,AT_RISK
INV000578,66.83,AT_RISK
INV000581,78.33,AT_RISK
INV000586,44.5,AT_RISK
INV000589,59.12,AT_RISK
INV000591,64.5,AT_RISK
INV000593,74.2,AT_RISK
INV000596,51.75,AT_RISK
INV000597,88.6,AT_RISK
INV000599,81.5,AT_RISK
INV000607,66.67,AT_RISK
INV000608,100.2,AT_RISK
INV000609,47.0,AT_RISK
INV000612,49.3,AT_RISK
INV000615,55.83,AT_RISK
INV000624,31.67,ACTIVE
INV000625,86.4,AT_RISK
INV000630,68.67,AT_RISK
INV000631,54.0,AT_RISK
INV000634,52.25,AT_RISK
INV000635,75.0,AT_RISK
INV000641,54.8,AT_RISK
INV000642,53.5,AT_RISK
INV000645,66.0,AT_RISK
INV000646,62.33,AT_RISK
INV000651,94.0,AT_RISK
INV000652,93.8,AT_RISK
INV000657,64.71,AT_RISK
INV000662,66.14,AT_RISK
INV000663,94.4,AT_RISK
INV000665,36.22,AT_RISK
INV000667,68.0,AT_RISK
INV000673,92.8,AT_RISK
INV000675,62.8,AT_RISK
INV000676,35.3,AT_RISK
INV000678,63.33,AT_RISK
INV000683,54.5,AT_RISK
INV000690,56.29,AT_RISK
INV000691,66.4,AT_RISK
INV000698,52.25,AT_RISK
INV000699,42.8,AT_RISK
INV000701,83.67,AT_RISK
INV000707,34.38,ACTIVE
INV000709,65.17,AT_RISK
INV000710,88.6,AT_RISK
INV000714,37.0,AT_RISK
INV000718,57.83,AT_RISK
INV000719,72.83,AT_RISK
INV000724,81.2,AT_RISK
INV000725,67.67,AT_RISK
INV000734,64.0,AT_RISK
INV000737,92.6,AT_RISK
INV000747,84.6,AT_RISK
INV000750,26.5,ACTIVE
INV000751,53.0,AT_RISK
INV000754,72.33,AT_RISK
INV000759,83.0,AT_RISK
INV000761,75.17,AT_RISK
INV000768,60.0,AT_RISK
INV000772,46.0,AT_RISK
INV000774,73.67,AT_RISK
INV000776,59.43,AT_RISK
INV000777,66.0,AT_RISK
INV000778,59.71,AT_RISK
INV000779,75.0,AT_RISK
INV000783,89.8,AT_RISK
INV000785,32.6,ACTIVE
INV000786,64.12,AT_RISK
INV000789,55.14,AT_RISK
INV000793,69.14,AT_RISK
INV000803,77.17,AT_RISK
INV000814,94.0,AT_RISK
INV000822,55.5,AT_RISK
INV000823,39.67,AT_RISK
INV000827,58.29,AT_RISK
INV000830,72.2,AT_RISK
INV000833,67.29,AT_RISK
INV000836,84.8,AT_RISK
INV000843,55.6,AT_RISK
INV000844,66.17,AT_RISK
INV000847,47.8,AT_RISK
INV000853,49.33,AT_RISK
INV000854,61.25,AT_RISK
INV000858,44.88,AT_RISK
INV000862,91.2,AT_RISK
INV000864,40.8,AT_RISK
INV000865,45.75,AT_RISK
INV000869,65.4,AT_RISK
INV000873,73.5,AT_RISK
INV000874,62.12,AT_RISK
INV000877,59.4,AT_RISK
INV000881,46.11,AT_RISK
INV000887,65.67,AT_RISK
INV000888,80.33,AT_RISK
INV000893,59.5,AT_RISK
INV000894,55.0,AT_RISK
INV000901,54.0,AT_RISK
INV000907,59.2,AT_RISK
INV000920,75.6,AT_RISK
INV000926,80.0,AT_RISK
INV000929,58.17,AT_RISK
INV000930,32.43,ACTIVE
INV000935,30.88,ACTIVE
INV000939,60.57,AT_RISK
INV000942,53.0,AT_RISK
INV000949,67.5,AT_RISK
INV000950,91.0,AT_RISK
INV000971,46.83,AT_RISK
INV000974,73.5,AT_RISK
INV000977,48.78,AT_RISK
INV000979,79.8,AT_RISK
INV000980,44.43,AT_RISK
INV000981,50.4,AT_RISK
INV000986,60.83,AT_RISK
INV000994,63.8,AT_RISK
INV001001,60.29,AT_RISK
INV001002,41.67,AT_RISK
INV001005,93.6,AT_RISK
INV001008,64.67,AT_RISK
INV001013,96.8,AT_RISK
INV001017,67.0,AT_RISK
INV001019,44.88,AT_RISK
INV001021,68.67,AT_RISK
INV001023,72.43,AT_RISK
INV001025,38.8,AT_RISK
INV001026,69.4,AT_RISK
INV001037,42.0,AT_RISK
INV001039,66.2,AT_RISK
INV001041,83.0,AT_RISK
INV001047,66.17,AT_RISK
INV001048,47.0,AT_RISK
INV001051,54.14,AT_RISK
INV001053,55.86,AT_RISK
INV001055,93.2,AT_RISK
INV001060,53.38,AT_RISK
INV001061,51.12,AT_RISK
INV001063,43.29,AT_RISK
INV001064,59.5,AT_RISK
INV001069,41.29,AT_RISK
INV001070,97.0,AT_RISK
INV001092,77.33,AT_RISK
INV001099,26.14,ACTIVE
INV001102,55.33,AT_RISK
INV001115,81.4,AT_RISK
INV001116,58.12,AT_RISK
INV001117,61.71,AT_RISK
INV001130,76.83,AT_RISK
INV001137,57.0,AT_RISK
INV001140,60.4,AT_RISK
INV001141,97.6,AT_RISK
INV001142,42.83,AT_RISK
INV001156,102.4,AT_RISK
INV001160,57.57,AT_RISK
INV001161,80.6,AT_RISK
INV001163,67.33,AT_RISK
INV001167,96.2,AT_RISK
INV001170,68.2,AT_RISK
INV001173,67.0,AT_RISK
INV001178,79.67,AT_RISK
INV001180,74.4,AT_RISK
INV001181,67.43,AT_RISK
INV001190,97.0,AT_RISK
INV001195,53.43,AT_RISK
INV001196,92.2,AT_RISK
INV001202,58.0,AT_RISK
INV001206,83.6,AT_RISK
INV001208,51.83,AT_RISK
INV001210,36.88,AT_RISK
INV001217,60.14,AT_RISK
INV001219,50.86,AT_RISK
INV001220,77.17,AT_RISK
INV001223,70.83,AT_RISK
INV001234,60.57,AT_RISK
INV001235,59.0,AT_RISK
INV001237,98.0,AT_RISK
INV001238,68.5,AT_RISK
INV001242,69.8,AT_RISK
INV001251,82.0,AT_RISK
INV001262,44.83,AT_RISK
INV001274,73.33,AT_RISK
INV001275,66.67,AT_RISK
INV001282,67.0,AT_RISK
INV001287,92.2,AT_RISK
INV001288,45.67,AT_RISK
INV001291,76.2,AT_RISK
INV001295,50.75,AT_RISK
INV001298,71.83,AT_RISK
INV001299,51.25,AT_RISK
INV001304,97.6,AT_RISK
INV001308,54.62,AT_RISK
INV001310,81.2,AT_RISK
INV001314,50.44,AT_RISK
INV001315,51.83,AT_RISK
INV001316,92.4,AT_RISK
INV001317,84.8,AT_RISK
INV001318,46.22,AT_RISK
INV001326,69.43,AT_RISK
INV001329,68.2,AT_RISK
INV001331,94.2,AT_RISK
INV001332,80.0,AT_RISK
INV001333,78.67,AT_RISK
INV001336,65.86,AT_RISK
INV001348,47.83,AT_RISK
INV001351,70.5,AT_RISK
INV001355,60.2,AT_RISK
INV001356,79.2,AT_RISK
INV001359,72.5,AT_RISK
INV001361,50.5,AT_RISK
INV001367,99.0,AT_RISK
INV001375,78.5,AT_RISK
INV001376,78.67,AT_RISK
INV001383,56.14,AT_RISK
INV001387,57.25,AT_RISK
INV001394,63.57,AT_RISK
INV001400,76.8,AT_RISK
INV001401,68.6,AT_RISK
INV001406,47.67,AT_RISK
INV001407,45.2,AT_RISK
INV001415,68.14,AT_RISK
INV001418,88.6,AT_RISK
INV001419,85.8,AT_RISK
INV001423,48.57,AT_RISK
INV001428,79.4,AT_RISK
INV001432,71.4,AT_RISK
INV001434,80.6,AT_RISK
INV001442,57.12,AT_RISK
INV001454,73.0,AT_RISK
INV001455,64.71,AT_RISK
INV001457,43.8,AT_RISK
INV001458,59.83,AT_RISK
INV001466,44.6,AT_RISK
INV001472,79.0,AT_RISK
INV001482,80.6,AT_RISK
INV001485,55.0,AT_RISK
INV001491,98.8,AT_RISK
INV001497,63.0,AT_RISK
INV001504,54.25,AT_RISK
INV001507,86.2,AT_RISK
INV001510,66.83,AT_RISK
INV001514,51.83,AT_RISK
INV001516,56.8,AT_RISK
INV001526,50.4,AT_RISK
INV001530,64.67,AT_RISK
INV001532,56.83,AT_RISK
INV001536,69.0,AT_RISK
INV001545,92.8,AT_RISK
INV001547,72.17,AT_RISK
INV001548,80.6,AT_RISK
INV001550,79.0,AT_RISK
INV001551,61.8,AT_RISK
INV001562,44.22,AT_RISK
INV001564,55.71,AT_RISK
INV001569,83.4,AT_RISK
INV001579,75.0,AT_RISK
INV001580,45.67,AT_RISK
INV001585,56.6,AT_RISK
INV001587,65.0,AT_RISK
INV001597,56.0,AT_RISK
INV001599,58.2,AT_RISK
INV001602,93.8,AT_RISK
INV001603,54.5,AT_RISK
INV001605,60.57,AT_RISK
INV001606,67.67,AT_RISK
INV001616,53.0,AT_RISK
INV001623,92.0,AT_RISK
INV001625,72.0,AT_RISK
INV001628,51.71,AT_RISK
INV001629,67.5,AT_RISK
INV001631,57.0,AT_RISK
INV001636,48.88,AT_RISK
INV001641,88.4,AT_RISK
INV001644,65.6,AT_RISK
INV001645,67.6,AT_RISK
INV001649,51.67,AT_RISK
INV001651,78.67,AT_RISK
INV001653,55.2,AT_RISK
INV001654,56.0,AT_RISK
INV001656,59.86,AT_RISK
INV001662,60.2,AT_RISK
INV001672,34.0,ACTIVE
INV001673,49.3,AT_RISK
INV001680,58.88,AT_RISK
INV001683,72.5,AT_RISK
INV001689,83.6,AT_RISK
INV001690,81.17,AT_RISK
INV001691,82.0,AT_RISK
INV001694,66.14,AT_RISK
INV001697,62.5,AT_RISK
INV001699,83.2,AT_RISK
INV001709,51.8,AT_RISK
INV001711,65.83,AT_RISK
INV001712,66.6,AT_RISK
INV001715,68.29,AT_RISK
INV001718,84.0,AT_RISK
INV001724,69.67,AT_RISK
INV001728,50.57,AT_RISK
INV001737,56.83,AT_RISK
INV001738,47.5,AT_RISK
INV001739,52.5,AT_RISK
INV001741,89.4,AT_RISK
INV001744,78.5,AT_RISK
INV001752,69.33,AT_RISK
INV001753,42.8,AT_RISK
INV001757,55.57,AT_RISK
INV001759,49.56,AT_RISK
INV001769,98.0,AT_RISK
INV001772,95.0,AT_RISK
INV001775,29.14,ACTIVE
INV001777,57.62,AT_RISK
INV001778,63.57,AT_RISK
INV001797,79.67,AT_RISK
INV001800,49.67,AT_RISK
INV001802,61.67,AT_RISK
INV001803,59.0,AT_RISK
INV001804,55.86,AT_RISK
INV001806,60.0,AT_RISK
INV001809,95.6,AT_RISK
INV001811,54.25,AT_RISK
INV001822,19.8,ACTIVE
INV001823,58.14,AT_RISK
INV001826,51.2,AT_RISK
INV001828,44.43,AT_RISK
INV001831,72.8,AT_RISK
INV001837,62.83,AT_RISK
INV001841,56.2,AT_RISK
INV001853,47.43,AT_RISK
INV001858,55.14,AT_RISK
INV001865,63.5,AT_RISK
INV001866,58.8,AT_RISK
INV001870,76.0,AT_RISK
INV001871,55.0,AT_RISK
INV001883,99.2,AT_RISK
INV001885,71.2,AT_RISK
INV001886,50.75,AT_RISK
INV001890,102.6,AT_RISK
INV001891,96.4,AT_RISK
INV001909,62.14,AT_RISK
INV001912,86.4,AT_RISK
INV001920,39.0,AT_RISK
INV001921,68.57,AT_RISK
INV001923,80.67,AT_RISK
INV001924,59.17,AT_RISK
INV001927,58.8,AT_RISK
INV001929,66.2,AT_RISK
INV001937,60.43,AT_RISK
INV001938,43.0,AT_RISK
INV001943,74.4,AT_RISK
INV001950,60.17,AT_RISK
INV001951,58.83,AT_RISK
INV001954,86.8,AT_RISK
INV001955,76.0,AT_RISK
INV001961,83.4,AT_RISK
INV001969,79.2,AT_RISK
INV001971,54.71,AT_RISK
INV001972,42.43,AT_RISK
INV001978,83.2,AT_RISK
INV001979,55.4,AT_RISK
INV001982,85.8,AT_RISK
INV001986,47.67,AT_RISK
INV001987,67.0,AT_RISK
INV001990,45.29,AT_RISK
INV001993,56.6,AT_RISK
INV001995,48.6,AT_RISK
INV001997,88.6,AT_RISK
INV002001,84.8,AT_RISK
INV002006,73.6,AT_RISK
INV002010,74.6,AT_RISK
INV002017,44.67,AT_RISK
INV002018,63.6,AT_RISK
INV002019,68.8,AT_RISK
INV002025,55.83,AT_RISK
INV002033,55.0,AT_RISK
INV002034,69.0,AT_RISK
INV002037,33.2,ACTIVE
INV002038,84.0,AT_RISK
INV002051,78.6,AT_RISK
INV002052,44.17,AT_RISK
INV002069,47.56,AT_RISK
INV002070,81.33,AT_RISK
INV002083,51.67,AT_RISK
INV002085,65.0,AT_RISK
INV002090,90.2,AT_RISK
INV002092,33.5,ACTIVE
INV002101,80.2,AT_RISK
INV002102,44.8,AT_RISK
INV002107,71.14,AT_RISK
INV002111,62.43,AT_RISK
INV002119,78.0,AT_RISK
INV002121,68.5,AT_RISK
INV002122,40.33,AT_RISK
INV002127,60.2,AT_RISK
INV002134,82.67,AT_RISK
INV002138,91.8,AT_RISK
INV002142,45.5,AT_RISK
INV002143,63.57,AT_RISK
INV002149,42.29,AT_RISK
INV002150,73.6,AT_RISK
INV002151,60.38,AT_RISK
INV002153,67.83,AT_RISK
INV002154,89.4,AT_RISK
INV002155,78.0,AT_RISK
INV002157,58.5,AT_RISK
INV002159,65.0,AT_RISK
INV002162,58.38,AT_RISK
INV002166,99.2,AT_RISK
INV002171,55.83,AT_RISK
INV002177,73.0,AT_RISK
INV002178,66.43,AT_RISK
INV002179,54.14,AT_RISK
INV002182,70.5,AT_RISK
INV002185,48.4,AT_RISK
INV002186,74.83,AT_RISK
INV002187,67.83,AT_RISK
INV002195,49.25,AT_RISK
INV002196,62.14,AT_RISK
INV002198,43.0,AT_RISK
INV002199,50.83,AT_RISK
INV002202,70.43,AT_RISK
INV002206,49.0,AT_RISK
INV002208,71.33,AT_RISK
INV002211,63.83,AT_RISK
INV002216,61.71,AT_RISK
INV002218,67.8,AT_RISK
INV002219,70.86,AT_RISK
INV002228,68.6,AT_RISK
INV002229,64.6,AT_RISK
INV002230,57.57,AT_RISK
INV002232,69.17,AT_RISK
INV002236,73.67,AT_RISK
INV002237,51.67,AT_RISK
INV002240,77.83,AT_RISK
INV002241,65.67,AT_RISK
INV002251,62.6,AT_RISK
INV002256,75.6,AT_RISK
INV002259,45.33,AT_RISK
INV002260,77.8,AT_RISK
INV002265,63.17,AT_RISK
INV002277,67.33,AT_RISK
INV002280,71.67,AT_RISK
INV002282,53.2,AT_RISK
INV002284,85.0,AT_RISK
INV002290,61.6,AT_RISK
INV002294,48.71,AT_RISK
INV002295,64.5,AT_RISK
INV002298,23.2,ACTIVE
INV002304,42.56,AT_RISK
INV002315,71.83,AT_RISK
INV002319,60.0,AT_RISK
INV002322,63.4,AT_RISK
INV002327,76.4,AT_RISK
INV002329,57.0,AT_RISK
INV002342,74.2,AT_RISK
INV002343,57.75,AT_RISK
INV002347,40.5,AT_RISK
INV002348,94.4,AT_RISK
INV002349,52.2,AT_RISK
INV002351,77.2,AT_RISK
INV002357,68.33,AT_RISK
INV002360,56.12,AT_RISK
INV002361,55.4,AT_RISK
INV002367,52.5,AT_RISK
INV002368,61.17,AT_RISK
INV002369,60.0,AT_RISK
INV002370,70.17,AT_RISK
INV002372,95.2,AT_RISK
INV002373,70.14,AT_RISK
INV002374,21.2,ACTIVE
INV002384,39.11,AT_RISK
INV002388,33.2,ACTIVE
INV002389,50.78,AT_RISK
INV002390,47.0,AT_RISK
INV002391,40.2,AT_RISK
INV002395,97.0,AT_RISK
INV002400,55.38,AT_RISK
INV002401,59.14,AT_RISK
INV002402,47.17,AT_RISK
INV002407,47.83,AT_RISK
INV002409,55.57,AT_RISK
INV002413,53.0,AT_RISK
INV002415,57.43,AT_RISK
INV002417,83.33,AT_RISK
INV002418,91.6,AT_RISK
INV002420,72.8,AT_RISK
INV002422,50.33,AT_RISK
INV002429,78.6,AT_RISK
INV002434,88.2,AT_RISK
INV002437,49.17,AT_RISK
INV002445,38.14,AT_RISK
INV002453,63.0,AT_RISK
INV002458,72.4,AT_RISK
INV002459,53.71,AT_RISK
INV002463,95.4,AT_RISK
INV002464,35.4,AT_RISK
INV002466,80.67,AT_RISK
INV002467,38.86,AT_RISK
INV002471,56.4,AT_RISK
INV002475,49.67,AT_RISK
INV002476,86.0,AT_RISK
INV002485,70.4,AT_RISK
INV002490,70.0,AT_RISK
INV002495,82.2,AT_RISK
INV002496,53.0,AT_RISK
INV002497,67.29,AT_RISK
INV002508,51.62,AT_RISK
INV002509,33.67,ACTIVE
INV002510,64.33,AT_RISK
INV002521,74.6,AT_RISK
INV002527,49.67,AT_RISK
INV002530,71.43,AT_RISK
INV002531,76.33,AT_RISK
INV002543,74.67,AT_RISK
INV002547,89.0,AT_RISK
INV002552,48.22,AT_RISK
INV002554,49.67,AT_RISK
INV002555,72.0,AT_RISK
INV002557,67.17,AT_RISK
INV002558,97.6,AT_RISK
INV002560,95.2,AT_RISK
INV002563,65.8,AT_RISK
INV002567,82.0,AT_RISK
INV002568,61.57,AT_RISK
INV002570,62.0,AT_RISK
INV002572,55.71,AT_RISK
INV002574,79.4,AT_RISK
INV002575,56.12,AT_RISK
INV002579,40.8,AT_RISK
INV002582,77.4,AT_RISK
INV002585,65.0,AT_RISK
INV002586,87.2,AT_RISK
INV002590,50.22,AT_RISK
INV002591,52.2,AT_RISK
INV002594,94.0,AT_RISK
INV002598,51.38,AT_RISK
INV002602,66.0,AT_RISK
INV002606,89.6,AT_RISK
INV002613,65.0,AT_RISK
INV002622,76.67,AT_RISK
INV002627,85.0,AT_RISK
INV002628,77.0,AT_RISK
INV002632,65.57,AT_RISK
INV002640,70.0,AT_RISK
INV002643,74.2,AT_RISK
INV002645,45.17,AT_RISK
INV002654,61.86,AT_RISK
INV002659,62.33,AT_RISK
INV002666,53.17,AT_RISK
INV002671,77.17,AT_RISK
INV002673,65.0,AT_RISK
INV002674,75.8,AT_RISK
INV002675,63.86,AT_RISK
INV002681,83.67,AT_RISK
INV002684,80.6,AT_RISK
INV002688,37.0,AT_RISK
INV002689,50.0,AT_RISK
INV002693,45.83,AT_RISK
INV002697,55.33,AT_RISK
INV002700,79.83,AT_RISK
INV002704,59.14,AT_RISK
INV002705,22.57,ACTIVE
INV002706,73.6,AT_RISK
INV002711,65.57,AT_RISK
INV002712,46.8,AT_RISK
INV002722,61.4,AT_RISK
INV002723,37.75,AT_RISK
INV002724,76.6,AT_RISK
INV002726,45.57,AT_RISK
INV002732,70.71,AT_RISK
INV002733,51.57,AT_RISK
INV002735,68.17,AT_RISK
INV002736,70.6,AT_RISK
INV002737,58.43,AT_RISK
INV002743,88.2,AT_RISK
INV002744,52.89,AT_RISK
INV002746,68.0,AT_RISK
INV002750,72.4,AT_RISK
INV002751,41.5,AT_RISK
INV002758,81.0,AT_RISK
INV002761,80.6,AT_RISK
INV002766,70.6,AT_RISK
INV002767,55.33,AT_RISK
INV002769,82.0,AT_RISK
INV002772,74.5,AT_RISK
INV002779,64.2,AT_RISK
INV002783,64.0,AT_RISK
INV002786,76.33,AT_RISK
INV002793,59.33,AT_RISK
INV002794,56.17,AT_RISK
INV002799,70.8,AT_RISK
INV002800,63.5,AT_RISK
INV002803,64.83,AT_RISK
INV002804,59.86,AT_RISK
INV002808,59.67,AT_RISK
INV002809,81.4,AT_RISK
INV002810,32.29,ACTIVE
INV002813,49.0,AT_RISK
INV002822,53.0,AT_RISK
INV002824,71.83,AT_RISK
INV002826,61.6,AT_RISK
INV002827,73.6,AT_RISK
INV002828,80.0,AT_RISK
INV002831,40.2,AT_RISK
INV002835,82.33,AT_RISK
INV002838,56.71,AT_RISK
INV002841,43.4,AT_RISK
INV002843,43.14,AT_RISK
INV002847,52.67,AT_RISK
INV002850,53.17,AT_RISK
INV002852,75.8,AT_RISK
INV002859,76.5,AT_RISK
INV002863,74.4,AT_RISK
INV002865,37.2,AT_RISK
INV002870,48.2,AT_RISK
INV002872,85.6,AT_RISK
INV002873,98.2,AT_RISK
INV002879,72.17,AT_RISK
INV002881,43.6,AT_RISK
INV002883,96.0,AT_RISK
INV002886,44.33,AT_RISK
INV002891,72.71,AT_RISK
INV002893,50.0,AT_RISK
INV002900,64.2,AT_RISK
INV002903,89.6,AT_RISK
INV002904,49.33,AT_RISK
INV002905,73.0,AT_RISK
INV002906,41.2,AT_RISK
INV002909,82.33,AT_RISK
INV002912,97.0,AT_RISK
INV002913,73.67,AT_RISK
INV002915,49.29,AT_RISK
INV002921,53.33,AT_RISK
INV002927,40.29,AT_RISK
INV002935,48.0,AT_RISK
INV002937,67.17,AT_RISK
INV002939,60.5,AT_RISK
INV002942,55.5,AT_RISK
INV002945,65.0,AT_RISK
INV002947,64.17,AT_RISK
INV002950,45.86,AT_RISK
INV002951,51.83,AT_RISK
INV002961,84.67,AT_RISK
INV002974,51.33,AT_RISK
INV002984,91.0,AT_RISK
INV002989,86.6,AT_RISK
INV002994,58.17,AT_RISK
INV003000,67.0,AT_RISK
INV003003,58.25,AT_RISK
INV003005,53.14,AT_RISK
INV003007,48.25,AT_RISK
INV003009,38.12,AT_RISK
INV003011,64.17,AT_RISK
INV003014,82.4,AT_RISK
INV003015,54.67,AT_RISK
INV003018,49.2,AT_RISK
INV003022,69.6,AT_RISK
INV003024,44.2,AT_RISK
INV003025,35.29,AT_RISK
INV003028,91.4,AT_RISK
INV003034,73.4,AT_RISK
INV003036,57.71,AT_RISK
INV003037,79.5,AT_RISK
INV003040,74.0,AT_RISK
INV003043,73.83,AT_RISK
INV003044,71.17,AT_RISK
INV003045,36.2,AT_RISK
INV003047,70.14,AT_RISK
INV003054,78.67,AT_RISK
INV003060,79.0,AT_RISK
INV003063,57.83,AT_RISK
INV003070,54.5,AT_RISK
INV003074,74.8,AT_RISK
INV003075,57.43,AT_RISK
INV003078,69.17,AT_RISK
INV003082,46.43,AT_RISK
INV003083,66.4,AT_RISK
INV003089,65.0,AT_RISK
INV003091,50.88,AT_RISK
INV003095,86.6,AT_RISK
INV003097,62.71,AT_RISK
INV003105,65.5,AT_RISK
INV003112,91.6,AT_RISK
INV003113,66.86,AT_RISK
INV003115,48.0,AT_RISK
INV003117,66.57,AT_RISK
INV003134,76.83,AT_RISK
INV003139,55.17,AT_RISK
INV003140,57.0,AT_RISK
INV003141,67.5,AT_RISK
INV003144,82.5,AT_RISK
INV003146,59.5,AT_RISK
INV003151,81.0,AT_RISK
INV003153,40.67,AT_RISK
INV003158,55.62,AT_RISK
INV003161,77.4,AT_RISK
INV003169,62.6,AT_RISK
INV003178,56.4,AT_RISK
INV003179,56.25,AT_RISK
INV003185,65.2,AT_RISK
INV003187,58.25,AT_RISK
INV003189,55.12,AT_RISK
INV003191,76.8,AT_RISK
INV003193,96.6,AT_RISK
INV003196,80.33,AT_RISK
INV003205,67.67,AT_RISK
INV003210,72.2,AT_RISK
INV003211,69.0,AT_RISK
INV003214,59.8,AT_RISK
INV003215,60.83,AT_RISK
INV003219,57.2,AT_RISK
INV003221,61.17,AT_RISK
INV003222,81.5,AT_RISK
INV003223,67.71,AT_RISK
INV003228,70.17,AT_RISK
INV003230,67.5,AT_RISK
INV003231,83.0,AT_RISK
INV003234,96.6,AT_RISK
INV003236,51.12,AT_RISK
INV003242,61.0,AT_RISK
INV003247,84.6,AT_RISK
INV003252,67.6,AT_RISK
INV003256,51.0,AT_RISK
INV003257,61.8,AT_RISK
INV003260,89.4,AT_RISK
INV003262,85.2,AT_RISK
INV003267,74.4,AT_RISK
INV003271,61.17,AT_RISK
INV003273,60.14,AT_RISK
INV003277,53.71,AT_RISK
INV003279,63.38,AT_RISK
INV003289,64.83,AT_RISK
INV003300,64.8,AT_RISK
INV003301,59.38,AT_RISK
INV003304,44.22,AT_RISK
INV003308,56.75,AT_RISK
INV003310,80.8,AT_RISK
INV003311,48.0,AT_RISK
INV003314,73.5,AT_RISK
INV003317,44.14,AT_RISK
INV003320,45.29,AT_RISK
INV003325,101.0,AT_RISK
INV003329,89.0,AT_RISK
INV003336,72.33,AT_RISK
INV003338,37.5,AT_RISK
INV003344,86.6,AT_RISK
INV003350,92.4,AT_RISK
INV003351,54.0,AT_RISK
INV003352,68.14,AT_RISK
INV003357,62.4,AT_RISK
INV003360,59.43,AT_RISK
INV003370,63.33,AT_RISK
INV003372,59.4,AT_RISK
INV003374,56.5,AT_RISK
INV003375,52.71,AT_RISK
INV003376,85.8,AT_RISK
INV003379,75.17,AT_RISK
INV003380,72.4,AT_RISK
INV003382,34.2,ACTIVE
INV003391,56.6,AT_RISK
INV003393,63.71,AT_RISK
INV003395,79.0,AT_RISK
INV003398,55.43,AT_RISK
INV003403,56.6,AT_RISK
INV003404,50.29,AT_RISK
INV003405,41.0,AT_RISK
INV003406,59.0,AT_RISK
INV003407,57.43,AT_RISK
INV003422,84.67,AT_RISK
INV003424,73.17,AT_RISK
INV003427,84.2,AT_RISK
INV003430,73.4,AT_RISK
INV003431,51.4,AT_RISK
INV003432,61.33,AT_RISK
INV003435,73.83,AT_RISK
INV003437,91.2,AT_RISK
INV003448,74.5,AT_RISK
INV003450,47.67,AT_RISK
INV003455,35.5,AT_RISK
INV003457,60.5,AT_RISK
INV003458,67.86,AT_RISK
INV003459,59.4,AT_RISK
INV003473,95.8,AT_RISK
INV003475,56.0,AT_RISK
INV003478,56.62,AT_RISK
INV003479,65.71,AT_RISK
INV003480,82.4,AT_RISK
INV003484,73.8,AT_RISK
INV003487,70.6,AT_RISK
INV003491,59.12,AT_RISK
INV003492,90.8,AT_RISK
INV003495,49.22,AT_RISK
INV003506,67.0,AT_RISK
INV003509,60.88,AT_RISK
INV003511,65.57,AT_RISK
INV003514,74.2,AT_RISK
INV003518,67.8,AT_RISK
INV003521,89.0,AT_RISK
INV003524,64.17,AT_RISK
INV003526,88.2,AT_RISK
INV003528,58.62,AT_RISK
INV003530,51.0,AT_RISK
INV003531,76.4,AT_RISK
INV003534,52.71,AT_RISK
INV003545,90.0,AT_RISK
INV003556,77.6,AT_RISK
INV003557,66.4,AT_RISK
INV003558,39.17,AT_RISK
INV003559,48.33,AT_RISK
INV003562,80.5,AT_RISK
INV003564,71.0,AT_RISK
INV003580,72.17,AT_RISK
INV003581,51.29,AT_RISK
INV003582,49.33,AT_RISK
INV003586,54.29,AT_RISK
INV003592,75.6,AT_RISK
INV003593,78.2,AT_RISK
INV003598,68.0,AT_RISK
INV003599,50.0,AT_RISK
INV003601,45.25,AT_RISK
INV003604,90.2,AT_RISK
INV003607,70.4,AT_RISK
INV003611,68.83,AT_RISK
INV003613,67.43,AT_RISK
INV003619,72.0,AT_RISK
INV003625,62.4,AT_RISK
INV003627,59.17,AT_RISK
INV003630,52.0,AT_RISK
INV003633,78.8,AT_RISK
INV003634,47.8,AT_RISK
INV003635,47.11,AT_RISK
INV003641,67.0,AT_RISK
INV003642,53.17,AT_RISK
INV003645,95.2,AT_RISK
INV003649,96.8,AT_RISK
INV003650,33.9,ACTIVE
INV003654,60.5,AT_RISK
INV003655,49.78,AT_RISK
INV003658,70.71,AT_RISK
INV003660,79.0,AT_RISK
INV003669,53.5,AT_RISK
INV003670,70.86,AT_RISK
INV003672,77.2,AT_RISK
INV003673,68.86,AT_RISK
INV003678,32.8,ACTIVE
INV003681,51.0,AT_RISK
INV003683,92.4,AT_RISK
INV003684,98.2,AT_RISK
INV003685,80.2,AT_RISK
INV003686,96.6,AT_RISK
INV003693,71.33,AT_RISK
INV003695,51.67,AT_RISK
INV003696,75.8,AT_RISK
INV003697,76.67,AT_RISK
INV003702,72.67,AT_RISK
INV003705,78.8,AT_RISK
INV003707,68.6,AT_RISK
INV003708,60.5,AT_RISK
INV003709,80.2,AT_RISK
INV003710,78.6,AT_RISK
INV003711,72.2,AT_RISK
INV003712,79.6,AT_RISK
INV003713,81.5,AT_RISK
INV003718,91.4,AT_RISK
INV003720,74.6,AT_RISK
INV003722,50.67,AT_RISK
INV003723,61.8,AT_RISK
INV003724,68.0,AT_RISK
INV003733,88.8,AT_RISK
INV003734,59.0,AT_RISK
INV003735,45.86,AT_RISK
INV003736,77.17,AT_RISK
INV003738,50.6,AT_RISK
INV003740,51.83,AT_RISK
INV003741,67.67,AT_RISK
INV003744,86.8,AT_RISK
INV003745,70.2,AT_RISK
INV003748,56.14,AT_RISK
INV003757,81.83,AT_RISK
INV003761,51.86,AT_RISK
INV003766,65.29,AT_RISK
INV003767,47.5,AT_RISK
INV003771,50.78,AT_RISK
INV003772,34.5,ACTIVE
INV003775,74.0,AT_RISK
INV003779,76.4,AT_RISK
INV003780,57.43,AT_RISK
INV003781,64.83,AT_RISK
INV003785,74.2,AT_RISK
INV003787,63.25,AT_RISK
INV003793,72.33,AT_RISK
INV003795,67.67,AT_RISK
INV003811,78.67,AT_RISK
INV003812,50.83,AT_RISK
INV003813,82.2,AT_RISK
INV003815,72.5,AT_RISK
INV003824,71.5,AT_RISK
INV003825,81.2,AT_RISK
INV003828,30.67,ACTIVE
INV003829,48.56,AT_RISK
INV003830,71.4,AT_RISK
INV003844,68.5,AT_RISK
INV003847,50.0,AT_RISK
INV003849,77.2,AT_RISK
INV003851,57.83,AT_RISK
INV003860,46.0,AT_RISK
INV003862,60.17,AT_RISK
INV003865,85.17,AT_RISK
INV003868,87.6,AT_RISK
INV003872,45.38,AT_RISK
INV003876,77.6,AT_RISK
INV003880,68.57,AT_RISK
INV003885,71.6,AT_RISK
INV003892,55.22,AT_RISK
INV003896,82.0,AT_RISK
INV003897,71.6,AT_RISK
INV003903,50.29,AT_RISK
INV003905,62.5,AT_RISK
INV003906,55.11,AT_RISK
INV003912,68.6,AT_RISK
INV003913,61.43,AT_RISK
INV003916,67.2,AT_RISK
INV003920,66.86,AT_RISK
INV003936,89.6,AT_RISK
INV003938,52.5,AT_RISK
INV003940,70.67,AT_RISK
INV003943,42.5,AT_RISK
INV003945,56.33,AT_RISK
INV003946,69.17,AT_RISK
INV003948,43.67,AT_RISK
INV003952,54.67,AT_RISK
INV003958,85.6,AT_RISK
INV003962,68.71,AT_RISK
INV003964,51.22,AT_RISK
INV003968,92.4,AT_RISK
INV003972,84.2,AT_RISK
INV003975,50.14,AT_RISK
INV003978,68.14,AT_RISK
INV003979,56.0,AT_RISK
INV003981,67.67,AT_RISK
INV003985,93.0,AT_RISK
INV003996,95.2,AT_RISK
INV004001,40.29,AT_RISK
INV004004,40.78,AT_RISK
INV004005,73.67,AT_RISK
INV004007,38.83,AT_RISK
INV004009,62.29,AT_RISK
INV004014,61.88,AT_RISK
INV004015,88.0,AT_RISK
INV004017,40.5,AT_RISK
INV004023,52.0,AT_RISK
INV004037,74.6,AT_RISK
INV004038,71.67,AT_RISK
INV004049,48.2,AT_RISK
INV004063,56.57,AT_RISK
INV004066,75.17,AT_RISK
INV004069,74.0,AT_RISK
INV004070,67.67,AT_RISK
INV004079,71.33,AT_RISK
INV004085,68.33,AT_RISK
INV004091,73.6,AT_RISK
INV004094,55.8,AT_RISK
INV004098,58.2,AT_RISK
INV004099,58.8,AT_RISK
INV004106,55.8,AT_RISK
INV004112,55.2,AT_RISK
INV004116,54.89,AT_RISK
INV004118,64.6,AT_RISK
INV004119,73.2,AT_RISK
INV004123,85.0,AT_RISK
INV004124,63.8,AT_RISK
INV004125,61.62,AT_RISK
INV004127,87.6,AT_RISK
INV004128,67.2,AT_RISK
INV004134,35.4,AT_RISK
INV004135,50.11,AT_RISK
INV004143,97.0,AT_RISK
INV004145,66.2,AT_RISK
INV004146,88.2,AT_RISK
INV004147,72.2,AT_RISK
INV004149,50.2,AT_RISK
INV004151,63.14,AT_RISK
INV004153,60.0,AT_RISK
INV004154,46.73,AT_RISK
INV004172,63.0,AT_RISK
INV004174,86.6,AT_RISK
INV004175,67.86,AT_RISK
INV004177,45.43,AT_RISK
INV004179,71.2,AT_RISK
INV004181,93.4,AT_RISK
INV004191,77.17,AT_RISK
INV004196,78.33,AT_RISK
INV004199,58.2,AT_RISK
INV004202,47.62,AT_RISK
INV004203,66.57,AT_RISK
INV004208,73.4,AT_RISK
INV004212,69.33,AT_RISK
INV004216,82.0,AT_RISK
INV004228,72.33,AT_RISK
INV004232,71.4,AT_RISK
INV004239,61.14,AT_RISK
INV004241,53.67,AT_RISK
INV004243,55.71,AT_RISK
INV004246,34.17,ACTIVE
INV004247,87.2,AT_RISK
INV004248,42.67,AT_RISK
INV004258,49.67,AT_RISK
INV004266,61.83,AT_RISK
INV004267,53.33,AT_RISK
INV004270,69.67,AT_RISK
INV004271,79.8,AT_RISK
INV004279,50.29,AT_RISK
INV004281,41.71,AT_RISK
INV004282,52.86,AT_RISK
INV004285,76.17,AT_RISK
INV004288,72.83,AT_RISK
INV004289,45.9,AT_RISK
INV004293,81.8,AT_RISK
INV004295,44.75,AT_RISK
INV004296,102.2,AT_RISK
INV004297,41.88,AT_RISK
INV004299,64.14,AT_RISK
INV004306,57.0,AT_RISK
INV004308,84.67,AT_RISK
INV004314,83.0,AT_RISK
INV004319,60.5,AT_RISK
INV004321,42.0,AT_RISK
INV004324,77.67,AT_RISK
INV004326,40.11,AT_RISK
INV004332,64.71,AT_RISK
INV004335,64.43,AT_RISK
INV004338,48.89,AT_RISK
INV004340,67.8,AT_RISK
INV004343,63.0,AT_RISK
INV004348,52.2,AT_RISK
INV004349,72.5,AT_RISK
INV004356,30.8,ACTIVE
INV004357,72.43,AT_RISK
INV004358,45.86,AT_RISK
INV004361,61.57,AT_RISK
INV004364,80.6,AT_RISK
INV004367,81.6,AT_RISK
INV004372,59.2,AT_RISK
INV004391,57.0,AT_RISK
INV004392,90.4,AT_RISK
INV004400,46.57,AT_RISK
INV004401,69.86,AT_RISK
INV004403,73.6,AT_RISK
INV004410,40.9,AT_RISK
INV004411,61.0,AT_RISK
INV004412,82.33,AT_RISK
INV004413,69.0,AT_RISK
INV004414,53.86,AT_RISK
INV004421,90.8,AT_RISK
INV004427,50.8,AT_RISK
INV004434,84.6,AT_RISK
INV004446,65.8,AT_RISK
INV004447,49.83,AT_RISK
INV004450,61.6,AT_RISK
INV004451,84.0,AT_RISK
INV004452,81.0,AT_RISK
INV004454,98.4,AT_RISK
INV004455,50.0,AT_RISK
INV004457,81.4,AT_RISK
INV004459,53.83,AT_RISK
INV004460,42.5,AT_RISK
INV004463,94.8,AT_RISK
INV004464,62.5,AT_RISK
INV004468,76.83,AT_RISK
INV004472,50.67,AT_RISK
INV004473,73.33,AT_RISK
INV004475,67.83,AT_RISK
INV004477,58.71,AT_RISK
INV004484,61.6,AT_RISK
INV004502,74.5,AT_RISK
INV004504,55.14,AT_RISK
INV004511,37.2,AT_RISK
INV004517,86.6,AT_RISK
INV004521,54.5,AT_RISK
INV004523,87.2,AT_RISK
INV004528,54.0,AT_RISK
INV004531,60.0,AT_RISK
INV004533,55.0,AT_RISK
INV004542,34.0,ACTIVE
INV004547,67.5,AT_RISK
INV004555,53.14,AT_RISK
INV004560,48.38,AT_RISK
INV004562,83.8,AT_RISK
INV004563,64.83,AT_RISK
INV004574,54.57,AT_RISK
INV004576,63.0,AT_RISK
INV004579,43.86,AT_RISK
INV004581,72.14,AT_RISK
INV004589,71.4,AT_RISK
INV004594,59.14,AT_RISK
INV004598,84.2,AT_RISK
INV004602,59.62,AT_RISK
INV004607,56.0,AT_RISK
INV004608,55.0,AT_RISK
INV004611,51.17,AT_RISK
INV004614,79.6,AT_RISK
INV004617,39.25,AT_RISK
INV004621,54.25,AT_RISK
INV004625,96.4,AT_RISK
INV004629,64.57,AT_RISK
INV004630,50.62,AT_RISK
INV004631,64.71,AT_RISK
INV004633,78.17,AT_RISK
INV004635,58.67,AT_RISK
INV004636,75.6,AT_RISK
INV004638,54.33,AT_RISK
INV004640,68.33,AT_RISK
INV004641,67.8,AT_RISK
INV004642,54.8,AT_RISK
INV004643,50.6,AT_RISK
INV004646,64.5,AT_RISK
INV004647,70.67,AT_RISK
INV004650,80.8,AT_RISK
INV004661,69.71,AT_RISK
INV004665,83.4,AT_RISK
INV004672,72.0,AT_RISK
INV004680,47.17,AT_RISK
INV004682,42.25,AT_RISK
INV004688,77.6,AT_RISK
INV004692,83.6,AT_RISK
INV004701,20.0,ACTIVE
INV004704,93.8,AT_RISK
INV004712,48.57,AT_RISK
INV004715,56.83,AT_RISK
INV004716,74.0,AT_RISK
INV004737,54.56,AT_RISK
INV004738,93.2,AT_RISK
INV004741,72.33,AT_RISK
INV004753,61.4,AT_RISK
INV004755,61.17,AT_RISK
INV004761,71.4,AT_RISK
INV004763,83.5,AT_RISK
INV004764,83.0,AT_RISK
INV004770,72.86,AT_RISK
INV004776,57.38,AT_RISK
INV004780,69.5,AT_RISK
INV004785,66.17,AT_RISK
INV004787,72.33,AT_RISK
INV004798,53.67,AT_RISK
INV004804,79.2,AT_RISK
INV004805,44.67,AT_RISK
INV004807,36.86,AT_RISK
INV004813,62.0,AT_RISK
INV004819,62.0,AT_RISK
INV004825,70.0,AT_RISK
INV004833,65.4,AT_RISK
INV004834,38.62,AT_RISK
INV004840,41.0,AT_RISK
INV004843,50.86,AT_RISK
INV004844,66.67,AT_RISK
INV004845,81.8,AT_RISK
INV004847,73.5,AT_RISK
INV004848,54.12,AT_RISK
INV004860,78.4,AT_RISK
INV004863,68.0,AT_RISK
INV004864,43.29,AT_RISK
INV004865,76.33,AT_RISK
INV004868,56.0,AT_RISK
INV004871,69.14,AT_RISK
INV004877,80.5,AT_RISK
INV004889,70.67,AT_RISK
INV004891,55.86,AT_RISK
INV004896,79.4,AT_RISK
INV004901,54.6,AT_RISK
INV004911,63.67,AT_RISK
INV004913,87.0,AT_RISK
INV004916,75.5,AT_RISK
INV004917,51.0,AT_RISK
INV004924,59.75,AT_RISK
INV004925,70.83,AT_RISK
INV004926,66.29,AT_RISK
INV004927,34.17,ACTIVE
INV004947,45.0,AT_RISK
INV004953,67.17,AT_RISK
INV004956,59.14,AT_RISK
INV004958,73.17,AT_RISK
INV004959,68.6,AT_RISK
INV004967,63.2,AT_RISK
INV004973,55.0,AT_RISK
INV004974,52.43,AT_RISK
INV004978,63.83,AT_RISK
INV004981,49.14,AT_RISK
INV004983,57.67,AT_RISK
INV004984,75.33,AT_RISK
INV004986,81.33,AT_RISK
INV004992,81.5,AT_RISK
INV004996,46.33,AT_RISK
INV004997,71.0,AT_RISK
